{
    "2.3.0": {
        "RandomForest": {
            "Precision": 0.9930090214574419,
            "F1_macro": 0.9927917603489911,
            "Report": {
                "0.0": {
                    "precision": 0.9959866220735786,
                    "recall": 0.974476439790576,
                    "f1-score": 0.9851141250413497,
                    "support": 1528.0
                },
                "3.0": {
                    "precision": 0.9767156862745098,
                    "recall": 0.99625,
                    "f1-score": 0.9863861386138614,
                    "support": 1600.0
                },
                "4.0": {
                    "precision": 1.0,
                    "recall": 1.0,
                    "f1-score": 1.0,
                    "support": 1568.0
                },
                "5.0": {
                    "precision": 0.9993337774816788,
                    "recall": 1.0,
                    "f1-score": 0.9996667777407531,
                    "support": 1500.0
                },
                "accuracy": 0.9927372498386056,
                "macro avg": {
                    "precision": 0.9930090214574419,
                    "recall": 0.992681609947644,
                    "f1-score": 0.9927917603489911,
                    "support": 6196.0
                },
                "weighted avg": {
                    "precision": 0.9928362367317887,
                    "recall": 0.9927372498386056,
                    "f1-score": 0.9927327907450758,
                    "support": 6196.0
                }
            }
        }
    },
    "2.2.0": {
        "RandomForest": {
            "Precision": 0.9244268976413977,
            "F1_macro": 0.9224383080618507,
            "Report": {
                "0.0": {
                    "precision": 0.7762711864406779,
                    "recall": 0.8437730287398674,
                    "f1-score": 0.8086158192090396,
                    "support": 1357.0
                },
                "1.0": {
                    "precision": 1.0,
                    "recall": 1.0,
                    "f1-score": 1.0,
                    "support": 1351.0
                },
                "2.0": {
                    "precision": 0.9889948642699926,
                    "recall": 1.0,
                    "f1-score": 0.9944669863518997,
                    "support": 1348.0
                },
                "3.0": {
                    "precision": 0.9089316987740805,
                    "recall": 0.7828054298642534,
                    "f1-score": 0.8411669367909238,
                    "support": 1326.0
                },
                "4.0": {
                    "precision": 0.9323636363636364,
                    "recall": 0.9105113636363636,
                    "f1-score": 0.921307941070787,
                    "support": 1408.0
                },
                "5.0": {
                    "precision": 0.94,
                    "recall": 1.0,
                    "f1-score": 0.9690721649484536,
                    "support": 1316.0
                },
                "accuracy": 0.922773254379472,
                "macro avg": {
                    "precision": 0.9244268976413977,
                    "recall": 0.9228483037067474,
                    "f1-score": 0.9224383080618507,
                    "support": 8106.0
                },
                "weighted avg": {
                    "precision": 0.9243296952393758,
                    "recall": 0.922773254379472,
                    "f1-score": 0.9223687481561345,
                    "support": 8106.0
                }
            }
        }
    },
    "2.1.0": {
        "RandomForest": {
            "Precision": 0.895781792208704,
            "F1_macro": 0.8950098379265011,
            "Report": {
                "0.0": {
                    "precision": 0.8440860215053764,
                    "recall": 0.7566265060240964,
                    "f1-score": 0.7979669631512071,
                    "support": 1245.0
                },
                "1.0": {
                    "precision": 1.0,
                    "recall": 1.0,
                    "f1-score": 1.0,
                    "support": 1204.0
                },
                "2.0": {
                    "precision": 0.9778305621536025,
                    "recall": 0.9817170111287759,
                    "f1-score": 0.9797699325664418,
                    "support": 1258.0
                },
                "3.0": {
                    "precision": 0.7490165224232888,
                    "recall": 0.8026981450252951,
                    "f1-score": 0.7749287749287749,
                    "support": 1186.0
                },
                "4.0": {
                    "precision": 0.8353033884948778,
                    "recall": 0.8527755430410298,
                    "f1-score": 0.8439490445859873,
                    "support": 1243.0
                },
                "5.0": {
                    "precision": 0.9684542586750788,
                    "recall": 0.9784860557768924,
                    "f1-score": 0.9734443123265953,
                    "support": 1255.0
                },
                "accuracy": 0.8958192396157488,
                "macro avg": {
                    "precision": 0.895781792208704,
                    "recall": 0.8953838768326815,
                    "f1-score": 0.8950098379265011,
                    "support": 7391.0
                },
                "weighted avg": {
                    "precision": 0.8966342505877151,
                    "recall": 0.8958192396157488,
                    "f1-score": 0.8956550190431096,
                    "support": 7391.0
                }
            }
        }
    },
    "3.1.0": {
        "RandomForest": {
            "Precision": 0.9335861042706926,
            "F1_macro": 0.9309958247655076,
            "Report": {
                "0.0": {
                    "precision": 0.7624602332979852,
                    "recall": 0.8725728155339806,
                    "f1-score": 0.8138087153367289,
                    "support": 1648.0
                },
                "1.0": {
                    "precision": 1.0,
                    "recall": 1.0,
                    "f1-score": 1.0,
                    "support": 1695.0
                },
                "2.0": {
                    "precision": 0.9994029850746269,
                    "recall": 1.0,
                    "f1-score": 0.9997014034040012,
                    "support": 1674.0
                },
                "3.0": {
                    "precision": 0.8742554599602912,
                    "recall": 0.7872467222884386,
                    "f1-score": 0.8284728755095642,
                    "support": 1678.0
                },
                "4.0": {
                    "precision": 0.9659949622166247,
                    "recall": 0.9235400361228175,
                    "f1-score": 0.9442905509387504,
                    "support": 1661.0
                },
                "5.0": {
                    "precision": 0.9994029850746269,
                    "recall": 1.0,
                    "f1-score": 0.9997014034040012,
                    "support": 1674.0
                },
                "accuracy": 0.9308075772681954,
                "macro avg": {
                    "precision": 0.9335861042706926,
                    "recall": 0.9305599289908728,
                    "f1-score": 0.9309958247655076,
                    "support": 10030.0
                },
                "weighted avg": {
                    "precision": 0.9341030859980172,
                    "recall": 0.9308075772681954,
                    "f1-score": 0.9313859572966936,
                    "support": 10030.0
                }
            }
        }
    },
    "4.0.0": {
        "RandomForest": {
            "Precision": 0.9132040526534861,
            "F1_macro": 0.9074914832398759,